{
"lengthUnit": "mil",
"components": {
	"fields": ["COMPONENT_NO", "COMPONENT_NAME", "LAYER", "X_COORDINATE", "Y_COORDINATE", "ANGLE"],
	"rows": [
		[1, "C1", "T", 165, 140, 180],
		[2, "C2", "T", -125, -110, 180],
		[3, "C3", "T", -125, -180, 180],
		[4, "C4", "T", -125, 125, 180],
		[5, "C5", "T", -125, 195, 180],
		[6, "C6", "T", 165, 10, 180],
		[7, "C7", "T", 1160, -145, 90],
		[8, "C8", "T", 1085, 105, 270],
		[9, "C9", "T", 1085, -20, 270],
		[10, "C10", "T", 990, 200, 0],
		[11, "C11", "T", 1086.75, -144.39, 90],
		[12, "C12", "T", 656.54, 15, 180],
		[13, "C13", "T", 656.54, -55, 180],
		[14, "C16", "T", -626.43, 320, 90],
		[15, "C17", "T", -257.86, 320, 90],
		[16, "C18", "T", -995, 320, 90],
		[17, "C19", "T", 110.71, 320, 90],
		[18, "C20", "T", 479.29, 320, 90],
		[19, "C21", "T", 847.86, 320, 90],
		[20, "C22", "T", 1216.43, 320, 90],
		[21, "C23", "T", 1585, 320, 90],
		[22, "C26", "B", -1165, -245, 0],
		[23, "CN1", "T", 1366.54, -10, 90],
		[24, "H1", "T", 1261.54, -10, 90],
		[25, "H2", "T", 430, -255, 0],
		[26, "H3", "T", 830, -255, 0],
		[27, "KEY1", "T", -740, -10, 180],
		[28, "LED3", "T", 25, 210, 180],
		[29, "LED4", "T", -1135, 320, 180],
		[30, "LED5", "T", -767.14, 320, 180],
		[31, "LED6", "T", -399.29, 320, 180],
		[32, "LED7", "T", -31.43, 320, 180],
		[33, "LED8", "T", 336.43, 320, 180],
		[34, "LED9", "T", 704.29, 320, 180],
		[35, "LED10", "T", 1072.14, 320, 180],
		[36, "LED11", "T", 1440, 320, 180],
		[37, "R1", "T", 165, 75, 180],
		[38, "R6", "T", 656.17, 78.03, 180],
		[39, "R7", "T", 656.17, 138.03, 180],
		[40, "R8", "T", 1155, 40, 270],
		[41, "R9", "T", 1115, 200, 180],
		[42, "R13", "T", 165, 210, 0],
		[43, "R14", "T", 290, 210, 180],
		[44, "R15", "T", -330, 175, 180],
		[45, "SW1", "T", 25, 40, 90],
		[46, "U1", "T", 415, 25, 270],
		[47, "U2", "T", -125, 10, 270],
		[48, "U4", "T", 885, 50, 90],
		[49, "U5", "T", -1165, 0, 180],
		[50, "U89", "T", -330, -50, 90]
	]
},
"pins": {
	"fields": ["PIN_NO", "PIN_NAME", "PIN_X", "PIN_Y", "LAYER", "PIN_TYPE", "NET_NAME", "NET_TYPE", "PAD_SHAPE", "PAD_SIZEX", "PAD_SIZEY", "HOLE_SIZE", "PAD_ANGLE"],
	"rows": [
		[1, "C1_1", 192.56, 140, "T", "SMD", "3V3", "", "R", 31.5, 35.43, 0, 180],
		[2, "C1_2", 137.44, 140, "T", "SMD", "GND", "GND", "R", 31.5, 35.43, 0, 180],
		[3, "C2_1", -97.44, -110, "T", "SMD", "GND", "GND", "R", 31.5, 35.43, 0, 180],
		[4, "C2_2", -152.56, -110, "T", "SMD", "5V", "", "R", 31.5, 35.43, 0, 180],
		[5, "C3_1", -97.44, -180, "T", "SMD", "GND", "GND", "R", 31.5, 35.43, 0, 180],
		[6, "C3_2", -152.56, -180, "T", "SMD", "5V", "", "R", 31.5, 35.43, 0, 180],
		[7, "C4_1", -97.44, 125, "T", "SMD", "GND", "GND", "R", 31.5, 35.43, 0, 180],
		[8, "C4_2", -152.56, 125, "T", "SMD", "3V3", "", "R", 31.5, 35.43, 0, 180],
		[9, "C5_1", -97.44, 195, "T", "SMD", "GND", "GND", "R", 31.5, 35.43, 0, 180],
		[10, "C5_2", -152.56, 195, "T", "SMD", "3V3", "", "R", 31.5, 35.43, 0, 180],
		[11, "C6_1", 192.56, 10, "T", "SMD", "GND", "GND", "R", 31.5, 35.43, 0, 180],
		[12, "C6_2", 137.44, 10, "T", "SMD", "NRST", "", "R", 31.5, 35.43, 0, 180],
		[13, "C7_1", 1160, -172.56, "T", "SMD", "VREF1", "", "R", 31.5, 35.43, 0, 90],
		[14, "C7_2", 1160, -117.44, "T", "SMD", "GND", "GND", "R", 31.5, 35.43, 0, 90],
		[15, "C8_1", 1085, 132.56, "T", "SMD", "$1N998", "", "R", 31.5, 35.43, 0, 270],
		[16, "C8_2", 1085, 77.44, "T", "SMD", "$1N997", "", "R", 31.5, 35.43, 0, 270],
		[17, "C9_1", 1085, 7.56, "T", "SMD", "$1N997", "", "R", 31.5, 35.43, 0, 270],
		[18, "C9_2", 1085, -47.56, "T", "SMD", "GND", "GND", "R", 31.5, 35.43, 0, 270],
		[19, "C10_1", 962.44, 200, "T", "SMD", "GND", "GND", "R", 31.5, 35.43, 0, 0],
		[20, "C10_2", 1017.56, 200, "T", "SMD", "$1N998", "", "R", 31.5, 35.43, 0, 0],
		[21, "C11_1", 1086.75, -171.95, "T", "SMD", "VREF1", "", "R", 31.5, 35.43, 0, 90],
		[22, "C11_2", 1086.75, -116.83, "T", "SMD", "GND", "GND", "R", 31.5, 35.43, 0, 90],
		[23, "C12_1", 684.1, 15, "T", "SMD", "5V", "", "R", 31.5, 35.43, 0, 180],
		[24, "C12_2", 628.98, 15, "T", "SMD", "GND", "GND", "R", 31.5, 35.43, 0, 180],
		[25, "C13_1", 684.1, -55, "T", "SMD", "5V", "", "R", 31.5, 35.43, 0, 180],
		[26, "C13_2", 628.98, -55, "T", "SMD", "GND", "GND", "R", 31.5, 35.43, 0, 180],
		[27, "C16_1", -626.43, 292.44, "T", "SMD", "5V", "", "R", 31.5, 35.43, 0, 90],
		[28, "C16_2", -626.43, 347.56, "T", "SMD", "GND", "GND", "R", 31.5, 35.43, 0, 90],
		[29, "C17_1", -257.86, 292.44, "T", "SMD", "5V", "", "R", 31.5, 35.43, 0, 90],
		[30, "C17_2", -257.86, 347.56, "T", "SMD", "GND", "GND", "R", 31.5, 35.43, 0, 90],
		[31, "C18_1", -995, 292.44, "T", "SMD", "5V", "", "R", 31.5, 35.43, 0, 90],
		[32, "C18_2", -995, 347.56, "T", "SMD", "GND", "GND", "R", 31.5, 35.43, 0, 90],
		[33, "C19_1", 110.71, 292.44, "T", "SMD", "5V", "", "R", 31.5, 35.43, 0, 90],
		[34, "C19_2", 110.71, 347.56, "T", "SMD", "GND", "GND", "R", 31.5, 35.43, 0, 90],
		[35, "C20_1", 479.29, 292.44, "T", "SMD", "5V", "", "R", 31.5, 35.43, 0, 90],
		[36, "C20_2", 479.29, 347.56, "T", "SMD", "GND", "GND", "R", 31.5, 35.43, 0, 90],
		[37, "C21_1", 847.86, 292.44, "T", "SMD", "5V", "", "R", 31.5, 35.43, 0, 90],
		[38, "C21_2", 847.86, 347.56, "T", "SMD", "GND", "GND", "R", 31.5, 35.43, 0, 90],
		[39, "C22_1", 1216.43, 292.44, "T", "SMD", "5V", "", "R", 31.5, 35.43, 0, 90],
		[40, "C22_2", 1216.43, 347.56, "T", "SMD", "GND", "GND", "R", 31.5, 35.43, 0, 90],
		[41, "C23_1", 1585, 292.44, "T", "SMD", "5V", "", "R", 31.5, 35.43, 0, 90],
		[42, "C23_2", 1585, 347.56, "T", "SMD", "GND", "GND", "R", 31.5, 35.43, 0, 90],
		[43, "C26_1", -1204.37, -245, "B", "SMD", "3V3", "", "R", 55.51, 53.15, 0, 0],
		[44, "C26_2", -1125.63, -245, "B", "SMD", "GND", "GND", "R", 55.51, 53.15, 0, 0],
		[45, "CN1_1", 1366.54, -157.64, "T", "DIP", "VREF1", "", "R", 55.12, 55.12, 35.43, 90],
		[46, "CN1_1", 1366.54, -157.64, "B", "DIP", "VREF1", "", "R", 55.12, 55.12, 35.43, 90],
		[47, "CN1_2", 1366.54, -59.21, "T", "DIP", "GND", "GND", "C", 55.12, 55.12, 35.43, 90],
		[48, "CN1_2", 1366.54, -59.21, "B", "DIP", "GND", "GND", "C", 55.12, 55.12, 35.43, 90],
		[49, "CN1_3", 1366.54, 39.21, "T", "DIP", "AINN", "", "C", 55.12, 55.12, 35.43, 90],
		[50, "CN1_3", 1366.54, 39.21, "B", "DIP", "AINN", "", "C", 55.12, 55.12, 35.43, 90],
		[51, "CN1_4", 1366.54, 137.64, "T", "DIP", "AINP", "", "C", 55.12, 55.12, 35.43, 90],
		[52, "CN1_4", 1366.54, 137.64, "B", "DIP", "AINP", "", "C", 55.12, 55.12, 35.43, 90],
		[53, "H1_1", 1261.54, -160, "T", "DIP", "VREF1", "", "R", 66.93, 66.93, 43.31, 90],
		[54, "H1_1", 1261.54, -160, "B", "DIP", "VREF1", "", "R", 66.93, 66.93, 43.31, 90],
		[55, "H1_2", 1261.54, -60, "T", "DIP", "GND", "GND", "C", 66.93, 66.93, 43.31, 90],
		[56, "H1_2", 1261.54, -60, "B", "DIP", "GND", "GND", "C", 66.93, 66.93, 43.31, 90],
		[57, "H1_3", 1261.54, 40, "T", "DIP", "AINN", "", "C", 66.93, 66.93, 43.31, 90],
		[58, "H1_3", 1261.54, 40, "B", "DIP", "AINN", "", "C", 66.93, 66.93, 43.31, 90],
		[59, "H1_4", 1261.54, 140, "T", "DIP", "AINP", "", "C", 66.93, 66.93, 43.31, 90],
		[60, "H1_4", 1261.54, 140, "B", "DIP", "AINP", "", "C", 66.93, 66.93, 43.31, 90],
		[61, "H2_1", 280, -255, "T", "DIP", "5V", "", "R", 66.93, 66.93, 43.31, 0],
		[62, "H2_1", 280, -255, "B", "DIP", "5V", "", "R", 66.93, 66.93, 43.31, 0],
		[63, "H2_2", 380, -255, "T", "DIP", "GND", "GND", "C", 66.93, 66.93, 43.31, 0],
		[64, "H2_2", 380, -255, "B", "DIP", "GND", "GND", "C", 66.93, 66.93, 43.31, 0],
		[65, "H2_3", 480, -255, "T", "DIP", "UART2_TX", "", "C", 66.93, 66.93, 43.31, 0],
		[66, "H2_3", 480, -255, "B", "DIP", "UART2_TX", "", "C", 66.93, 66.93, 43.31, 0],
		[67, "H2_4", 580, -255, "T", "DIP", "UART2_RX", "", "C", 66.93, 66.93, 43.31, 0],
		[68, "H2_4", 580, -255, "B", "DIP", "UART2_RX", "", "C", 66.93, 66.93, 43.31, 0],
		[69, "H3_1", 680, -255, "T", "DIP", "5V", "", "R", 66.93, 66.93, 43.31, 0],
		[70, "H3_1", 680, -255, "B", "DIP", "5V", "", "R", 66.93, 66.93, 43.31, 0],
		[71, "H3_2", 780, -255, "T", "DIP", "GND", "GND", "C", 66.93, 66.93, 43.31, 0],
		[72, "H3_2", 780, -255, "B", "DIP", "GND", "GND", "C", 66.93, 66.93, 43.31, 0],
		[73, "H3_3", 880, -255, "T", "DIP", "SWDIO", "", "C", 66.93, 66.93, 43.31, 0],
		[74, "H3_3", 880, -255, "B", "DIP", "SWDIO", "", "C", 66.93, 66.93, 43.31, 0],
		[75, "H3_4", 980, -255, "T", "DIP", "SWCLK", "", "C", 66.93, 66.93, 43.31, 0],
		[76, "H3_4", 980, -255, "B", "DIP", "SWCLK", "", "C", 66.93, 66.93, 43.31, 0],
		[77, "KEY1_1", -986.06, 88.43, "T", "DIP", "KEY1_1", "", "C", 78.74, 78.74, 51.18, 180],
		[78, "KEY1_1", -986.06, 88.43, "B", "DIP", "KEY1_1", "", "C", 78.74, 78.74, 51.18, 180],
		[79, "KEY1_2", -493.94, 88.42, "T", "DIP", "$1N3577", "", "C", 78.74, 78.74, 51.18, 180],
		[80, "KEY1_2", -493.94, 88.42, "B", "DIP", "$1N3577", "", "C", 78.74, 78.74, 51.18, 180],
		[81, "KEY1_3", -986.06, -108.42, "T", "DIP", "KEY1_3", "", "C", 78.74, 78.74, 51.18, 180],
		[82, "KEY1_3", -986.06, -108.42, "B", "DIP", "KEY1_3", "", "C", 78.74, 78.74, 51.18, 180],
		[83, "KEY1_4", -493.94, -108.43, "T", "DIP", "BUTTON", "", "C", 78.74, 78.74, 51.18, 180],
		[84, "KEY1_4", -493.94, -108.43, "B", "DIP", "BUTTON", "", "C", 78.74, 78.74, 51.18, 180],
		[85, "LED3_1", 58.5, 210.4, "T", "SMD", "$1N3287", "", "R", 31.5, 31.5, 0, 270],
		[86, "LED3_2", -4.5, 210.2, "T", "SMD", "3V3", "", "R", 31.5, 31.5, 0, 270],
		[87, "LED4_1", -1194.06, 349.53, "T", "SMD", "GND", "GND", "R", 47.24, 35.43, 0, 0],
		[88, "LED4_2", -1194.06, 290.47, "T", "SMD", "WS2812_DIN", "", "R", 47.24, 35.43, 0, 0],
		[89, "LED4_3", -1075.94, 290.47, "T", "SMD", "5V", "", "R", 47.24, 35.43, 0, 0],
		[90, "LED4_4", -1075.94, 349.53, "T", "SMD", "$1N3765", "", "R", 47.24, 35.43, 0, 0],
		[91, "LED5_1", -826.2, 349.53, "T", "SMD", "GND", "GND", "R", 47.24, 35.43, 0, 0],
		[92, "LED5_2", -826.2, 290.47, "T", "SMD", "$1N3765", "", "R", 47.24, 35.43, 0, 0],
		[93, "LED5_3", -708.09, 290.47, "T", "SMD", "5V", "", "R", 47.24, 35.43, 0, 0],
		[94, "LED5_4", -708.09, 349.53, "T", "SMD", "$1N3849", "", "R", 47.24, 35.43, 0, 0],
		[95, "LED6_1", -458.34, 349.53, "T", "SMD", "GND", "GND", "R", 47.24, 35.43, 0, 0],
		[96, "LED6_2", -458.34, 290.47, "T", "SMD", "$1N3849", "", "R", 47.24, 35.43, 0, 0],
		[97, "LED6_3", -340.23, 290.47, "T", "SMD", "5V", "", "R", 47.24, 35.43, 0, 0],
		[98, "LED6_4", -340.23, 349.53, "T", "SMD", "$1N3855", "", "R", 47.24, 35.43, 0, 0],
		[99, "LED7_1", -90.48, 349.53, "T", "SMD", "GND", "GND", "R", 47.24, 35.43, 0, 0],
		[100, "LED7_2", -90.48, 290.47, "T", "SMD", "$1N3855", "", "R", 47.24, 35.43, 0, 0],
		[101, "LED7_3", 27.63, 290.47, "T", "SMD", "5V", "", "R", 47.24, 35.43, 0, 0],
		[102, "LED7_4", 27.63, 349.53, "T", "SMD", "$1N4519", "", "R", 47.24, 35.43, 0, 0],
		[103, "LED8_1", 277.37, 349.53, "T", "SMD", "GND", "GND", "R", 47.24, 35.43, 0, 0],
		[104, "LED8_2", 277.37, 290.47, "T", "SMD", "$1N4519", "", "R", 47.24, 35.43, 0, 0],
		[105, "LED8_3", 395.48, 290.47, "T", "SMD", "5V", "", "R", 47.24, 35.43, 0, 0],
		[106, "LED8_4", 395.48, 349.53, "T", "SMD", "$1N4474", "", "R", 47.24, 35.43, 0, 0],
		[107, "LED9_1", 645.23, 349.53, "T", "SMD", "GND", "GND", "R", 47.24, 35.43, 0, 0],
		[108, "LED9_2", 645.23, 290.47, "T", "SMD", "$1N4474", "", "R", 47.24, 35.43, 0, 0],
		[109, "LED9_3", 763.34, 290.47, "T", "SMD", "5V", "", "R", 47.24, 35.43, 0, 0],
		[110, "LED9_4", 763.34, 349.53, "T", "SMD", "$1N4478", "", "R", 47.24, 35.43, 0, 0],
		[111, "LED10_1", 1013.09, 349.53, "T", "SMD", "GND", "GND", "R", 47.24, 35.43, 0, 0],
		[112, "LED10_2", 1013.09, 290.47, "T", "SMD", "$1N4478", "", "R", 47.24, 35.43, 0, 0],
		[113, "LED10_3", 1131.2, 290.47, "T", "SMD", "5V", "", "R", 47.24, 35.43, 0, 0],
		[114, "LED10_4", 1131.2, 349.53, "T", "SMD", "$1N4482", "", "R", 47.24, 35.43, 0, 0],
		[115, "LED11_1", 1380.95, 349.53, "T", "SMD", "GND", "GND", "R", 47.24, 35.43, 0, 0],
		[116, "LED11_2", 1380.95, 290.47, "T", "SMD", "$1N4482", "", "R", 47.24, 35.43, 0, 0],
		[117, "LED11_3", 1499.05, 290.47, "T", "SMD", "5V", "", "R", 47.24, 35.43, 0, 0],
		[118, "LED11_4", 1499.05, 349.53, "T", "SMD", "LED11_4", "", "R", 47.24, 35.43, 0, 0],
		[119, "R1_1", 194.66, 75, "T", "SMD", "3V3", "", "R", 31.75, 34.02, 0, 180],
		[120, "R1_2", 135.34, 75, "T", "SMD", "NRST", "", "R", 31.75, 34.02, 0, 180],
		[121, "R6_1", 685.83, 78.03, "T", "SMD", "$1N1013", "", "R", 31.75, 34.02, 0, 180],
		[122, "R6_2", 626.51, 78.03, "T", "SMD", "CS_SDA", "", "R", 31.75, 34.02, 0, 180],
		[123, "R7_1", 685.83, 138.03, "T", "SMD", "$1N1012", "", "R", 31.75, 34.02, 0, 180],
		[124, "R7_2", 626.51, 138.03, "T", "SMD", "CS_SCL", "", "R", 31.75, 34.02, 0, 180],
		[125, "R8_1", 1155, 69.66, "T", "SMD", "AINN", "", "R", 31.75, 34.02, 0, 270],
		[126, "R8_2", 1155, 10.34, "T", "SMD", "$1N997", "", "R", 31.75, 34.02, 0, 270],
		[127, "R9_1", 1144.66, 200, "T", "SMD", "AINP", "", "R", 31.75, 34.02, 0, 180],
		[128, "R9_2", 1085.34, 200, "T", "SMD", "$1N998", "", "R", 31.75, 34.02, 0, 180],
		[129, "R13_1", 135.34, 210, "T", "SMD", "$1N3287", "", "R", 31.75, 34.02, 0, 0],
		[130, "R13_2", 194.66, 210, "T", "SMD", "LED", "", "R", 31.75, 34.02, 0, 0],
		[131, "R14_1", 319.66, 210, "T", "SMD", "SPI2_MOSI", "", "R", 31.75, 34.02, 0, 180],
		[132, "R14_2", 260.34, 210, "T", "SMD", "WS2812_DIN", "", "R", 31.75, 34.02, 0, 180],
		[133, "R15_1", -300.34, 175, "T", "SMD", "GND", "GND", "R", 31.75, 34.02, 0, 180],
		[134, "R15_2", -359.66, 175, "T", "SMD", "$1N3577", "", "R", 31.75, 34.02, 0, 180],
		[135, "SW1_1", 25, -40.12, "T", "SMD", "NRST", "", "R", 60.24, 53.54, 0, 90],
		[136, "SW1_2", 25, 120.12, "T", "SMD", "GND", "GND", "R", 60.24, 53.54, 0, 90],
		[137, "U1_1", 301.97, 140.16, "T", "SMD", "SPI2_MOSI", "", "O", 14.33, 68.58, 0, 270],
		[138, "U1_2", 301.97, 114.57, "T", "SMD", "LED", "", "O", 14.33, 68.58, 0, 270],
		[139, "U1_3", 301.97, 88.98, "T", "SMD", "G01_CE", "", "O", 14.33, 68.58, 0, 270],
		[140, "U1_4", 301.97, 63.39, "T", "SMD", "3V3", "", "O", 14.33, 68.58, 0, 270],
		[141, "U1_5", 301.97, 37.79, "T", "SMD", "GND", "GND", "O", 14.33, 68.58, 0, 270],
		[142, "U1_6", 301.97, 12.2, "T", "SMD", "NRST", "", "O", 14.33, 68.58, 0, 270],
		[143, "U1_7", 301.97, -13.39, "T", "SMD", "SPI2_SCK", "", "O", 14.33, 68.58, 0, 270],
		[144, "U1_8", 301.97, -38.98, "T", "SMD", "U1_8", "", "O", 14.33, 68.58, 0, 270],
		[145, "U1_9", 301.97, -64.57, "T", "SMD", "UART2_TX", "", "O", 14.33, 68.58, 0, 270],
		[146, "U1_10", 301.97, -90.16, "T", "SMD", "UART2_RX", "", "O", 14.33, 68.58, 0, 270],
		[147, "U1_11", 528.03, -90.16, "T", "SMD", "G01_CS", "", "O", 14.33, 68.58, 0, 270],
		[148, "U1_12", 528.03, -64.57, "T", "SMD", "G01_SCK", "", "O", 14.33, 68.58, 0, 270],
		[149, "U1_13", 528.03, -38.98, "T", "SMD", "G01_MISO", "", "O", 14.33, 68.58, 0, 270],
		[150, "U1_14", 528.03, -13.39, "T", "SMD", "G01_MOSI", "", "O", 14.33, 68.58, 0, 270],
		[151, "U1_15", 528.03, 12.2, "T", "SMD", "G01_IRQ", "", "O", 14.33, 68.58, 0, 270],
		[152, "U1_16", 528.03, 37.79, "T", "SMD", "CS_SDA", "", "O", 14.33, 68.58, 0, 270],
		[153, "U1_17", 528.03, 63.39, "T", "SMD", "CS_SCL", "", "O", 14.33, 68.58, 0, 270],
		[154, "U1_18", 528.03, 88.98, "T", "SMD", "SWDIO", "", "O", 14.33, 68.58, 0, 270],
		[155, "U1_19", 528.03, 114.57, "T", "SMD", "SWCLK", "", "O", 14.33, 68.58, 0, 270],
		[156, "U1_20", 528.03, 140.16, "T", "SMD", "BUTTON", "", "O", 14.33, 68.58, 0, 270],
		[157, "U2_1", -162.4, -41.19, "T", "SMD", "5V", "", "R", 39.37, 23.62, 0, 270],
		[158, "U2_2", -125, -41.19, "T", "SMD", "GND", "GND", "R", 39.37, 23.62, 0, 270],
		[159, "U2_3", -87.6, -41.19, "T", "SMD", "5V", "", "R", 39.37, 23.62, 0, 270],
		[160, "U2_4", -87.6, 61.19, "T", "SMD", "GND", "GND", "R", 39.37, 23.62, 0, 270],
		[161, "U2_5", -162.4, 61.19, "T", "SMD", "3V3", "", "R", 39.37, 23.62, 0, 270],
		[162, "U4_1", 990.61, -25, "T", "SMD", "VREF1", "", "O", 24.8, 73.42, 0, 90],
		[163, "U4_2", 990.61, 25, "T", "SMD", "GND", "GND", "O", 24.8, 73.42, 0, 90],
		[164, "U4_3", 990.61, 75, "T", "SMD", "$1N997", "", "O", 24.8, 73.42, 0, 90],
		[165, "U4_4", 990.61, 125, "T", "SMD", "$1N998", "", "O", 24.8, 73.42, 0, 90],
		[166, "U4_5", 779.39, 125, "T", "SMD", "$1N1012", "", "O", 24.8, 73.42, 0, 90],
		[167, "U4_6", 779.39, 75, "T", "SMD", "$1N1013", "", "O", 24.8, 73.42, 0, 90],
		[168, "U4_7", 779.39, 25, "T", "SMD", "5V", "", "O", 24.8, 73.42, 0, 90],
		[169, "U4_8", 779.39, -25, "T", "SMD", "VREF1", "", "O", 24.8, 73.42, 0, 90],
		[170, "U5_1", -1115, -150, "T", "DIP", "GND", "GND", "C", 60, 60, 36, 180],
		[171, "U5_1", -1115, -150, "B", "DIP", "GND", "GND", "C", 60, 60, 36, 180],
		[172, "U5_2", -1215, -150, "T", "DIP", "3V3", "", "C", 60, 60, 36, 0],
		[173, "U5_2", -1215, -150, "B", "DIP", "3V3", "", "C", 60, 60, 36, 0],
		[174, "U5_3", -1115, -50, "T", "DIP", "G01_CE", "", "C", 60, 60, 36, 180],
		[175, "U5_3", -1115, -50, "B", "DIP", "G01_CE", "", "C", 60, 60, 36, 180],
		[176, "U5_4", -1215, -50, "T", "DIP", "G01_CS", "", "C", 60, 60, 36, 0],
		[177, "U5_4", -1215, -50, "B", "DIP", "G01_CS", "", "C", 60, 60, 36, 0],
		[178, "U5_5", -1115, 50, "T", "DIP", "G01_SCK", "", "C", 60, 60, 36, 180],
		[179, "U5_5", -1115, 50, "B", "DIP", "G01_SCK", "", "C", 60, 60, 36, 180],
		[180, "U5_6", -1215, 50, "T", "DIP", "G01_MOSI", "", "C", 60, 60, 36, 0],
		[181, "U5_6", -1215, 50, "B", "DIP", "G01_MOSI", "", "C", 60, 60, 36, 0],
		[182, "U5_7", -1115, 150, "T", "DIP", "G01_MISO", "", "C", 60, 60, 36, 180],
		[183, "U5_7", -1115, 150, "B", "DIP", "G01_MISO", "", "C", 60, 60, 36, 180],
		[184, "U5_8", -1215, 150, "T", "DIP", "G01_IRQ", "", "C", 60, 60, 36, 0],
		[185, "U5_8", -1215, 150, "B", "DIP", "G01_IRQ", "", "C", 60, 60, 36, 0],
		[186, "U89_17", -414.65, 48.42, "T", "DIP", "GND", "GND", "O", 70.87, 39.37, 53.74, 90],
		[187, "U89_17", -414.65, 48.42, "B", "DIP", "GND", "GND", "O", 70.87, 39.37, 53.74, 90],
		[188, "U89_18", -414.65, -148.42, "T", "DIP", "GND", "GND", "O", 70.87, 39.37, 53.74, 90],
		[189, "U89_18", -414.65, -148.42, "B", "DIP", "GND", "GND", "O", 70.87, 39.37, 53.74, 90],
		[190, "U89_19", -245.35, -148.42, "T", "DIP", "GND", "GND", "O", 70.87, 39.37, 53.74, 90],
		[191, "U89_19", -245.35, -148.42, "B", "DIP", "GND", "GND", "O", 70.87, 39.37, 53.74, 90],
		[192, "U89_20", -245.35, 48.42, "T", "DIP", "GND", "GND", "O", 70.87, 39.37, 53.74, 90],
		[193, "U89_20", -245.35, 48.42, "B", "DIP", "GND", "GND", "O", 70.87, 39.37, 53.74, 90],
		[194, "U89_A1", -356.57, -201.57, "T", "DIP", "GND", "GND", "C", 31.5, 31.5, 19.69, 90],
		[195, "U89_A1", -356.57, -201.57, "B", "DIP", "GND", "GND", "C", 31.5, 31.5, 19.69, 90],
		[196, "U89_A12", -356.57, 101.57, "T", "DIP", "GND", "GND", "C", 31.5, 31.5, 19.69, 90],
		[197, "U89_A12", -356.57, 101.57, "B", "DIP", "GND", "GND", "C", 31.5, 31.5, 19.69, 90],
		[198, "U89_A4", -356.57, -158.28, "T", "DIP", "5V", "", "C", 31.5, 31.5, 19.69, 90],
		[199, "U89_A4", -356.57, -158.28, "B", "DIP", "5V", "", "C", 31.5, 31.5, 19.69, 90],
		[200, "U89_A5", -356.57, -114.97, "T", "DIP", "U89_A5", "", "C", 31.5, 31.5, 19.69, 90],
		[201, "U89_A5", -356.57, -114.97, "B", "DIP", "U89_A5", "", "C", 31.5, 31.5, 19.69, 90],
		[202, "U89_A6", -356.57, -71.66, "T", "DIP", "U89_A6", "", "C", 31.5, 31.5, 19.69, 90],
		[203, "U89_A6", -356.57, -71.66, "B", "DIP", "U89_A6", "", "C", 31.5, 31.5, 19.69, 90],
		[204, "U89_A7", -356.57, -28.36, "T", "DIP", "U89_A7", "", "C", 31.5, 31.5, 19.69, 90],
		[205, "U89_A7", -356.57, -28.36, "B", "DIP", "U89_A7", "", "C", 31.5, 31.5, 19.69, 90],
		[206, "U89_A8", -356.57, 14.95, "T", "DIP", "U89_A8", "", "C", 31.5, 31.5, 19.69, 90],
		[207, "U89_A8", -356.57, 14.95, "B", "DIP", "U89_A8", "", "C", 31.5, 31.5, 19.69, 90],
		[208, "U89_A9", -356.57, 58.26, "T", "DIP", "5V", "", "C", 31.5, 31.5, 19.69, 90],
		[209, "U89_A9", -356.57, 58.26, "B", "DIP", "5V", "", "C", 31.5, 31.5, 19.69, 90],
		[210, "U89_B1", -303.42, 101.57, "T", "DIP", "GND", "GND", "C", 31.5, 31.5, 19.69, 90],
		[211, "U89_B1", -303.42, 101.57, "B", "DIP", "GND", "GND", "C", 31.5, 31.5, 19.69, 90],
		[212, "U89_B12", -303.42, -201.57, "T", "DIP", "GND", "GND", "C", 31.5, 31.5, 19.69, 90],
		[213, "U89_B12", -303.42, -201.57, "B", "DIP", "GND", "GND", "C", 31.5, 31.5, 19.69, 90],
		[214, "U89_B4", -303.42, 58.26, "T", "DIP", "5V", "", "C", 31.5, 31.5, 19.69, 90],
		[215, "U89_B4", -303.42, 58.26, "B", "DIP", "5V", "", "C", 31.5, 31.5, 19.69, 90],
		[216, "U89_B5", -303.42, 14.95, "T", "DIP", "U89_B5", "", "C", 31.5, 31.5, 19.69, 90],
		[217, "U89_B5", -303.42, 14.95, "B", "DIP", "U89_B5", "", "C", 31.5, 31.5, 19.69, 90],
		[218, "U89_B6", -303.42, -28.36, "T", "DIP", "U89_B6", "", "C", 31.5, 31.5, 19.69, 90],
		[219, "U89_B6", -303.42, -28.36, "B", "DIP", "U89_B6", "", "C", 31.5, 31.5, 19.69, 90],
		[220, "U89_B7", -303.42, -71.66, "T", "DIP", "U89_B7", "", "C", 31.5, 31.5, 19.69, 90],
		[221, "U89_B7", -303.42, -71.66, "B", "DIP", "U89_B7", "", "C", 31.5, 31.5, 19.69, 90],
		[222, "U89_B8", -303.42, -114.97, "T", "DIP", "U89_B8", "", "C", 31.5, 31.5, 19.69, 90],
		[223, "U89_B8", -303.42, -114.97, "B", "DIP", "U89_B8", "", "C", 31.5, 31.5, 19.69, 90],
		[224, "U89_B9", -303.42, -158.28, "T", "DIP", "5V", "", "C", 31.5, 31.5, 19.69, 90],
		[225, "U89_B9", -303.42, -158.28, "B", "DIP", "5V", "", "C", 31.5, 31.5, 19.69, 90]
	]
}
}